Campaign,Language,Header,Value,Status
SE | Search EN | VMware to Proxmox High Intent,English,Services,VMware to Proxmox Readiness,Paused
SE | Search EN | VMware to Proxmox High Intent,English,Services,RVTools Assessment,Paused
SE | Search EN | VMware to Proxmox High Intent,English,Services,Migration Risk Report,Paused
SE | Search EN | VMware to Proxmox High Intent,English,Services,Proxmox Sizing,Paused
SE | Search EN | VMware to Proxmox High Intent,English,Services,Migration Wave Plan,Paused
SE | Search EN | VMware to Proxmox High Intent,English,Services,MSP Partner Reports,Paused
SE | Search EN | Broadcom VMware Exit,English,Services,VMware to Proxmox Readiness,Paused
SE | Search EN | Broadcom VMware Exit,English,Services,RVTools Assessment,Paused
SE | Search EN | Broadcom VMware Exit,English,Services,Migration Risk Report,Paused
SE | Search EN | Broadcom VMware Exit,English,Services,Proxmox Sizing,Paused
SE | Search EN | Broadcom VMware Exit,English,Services,Migration Wave Plan,Paused
SE | Search EN | Broadcom VMware Exit,English,Services,MSP Partner Reports,Paused
SE | Search ES | LATAM Espana VMware Proxmox,Spanish,Services,VMware to Proxmox Readiness,Paused
SE | Search ES | LATAM Espana VMware Proxmox,Spanish,Services,RVTools Assessment,Paused
SE | Search ES | LATAM Espana VMware Proxmox,Spanish,Services,Migration Risk Report,Paused
SE | Search ES | LATAM Espana VMware Proxmox,Spanish,Services,Proxmox Sizing,Paused
SE | Search ES | LATAM Espana VMware Proxmox,Spanish,Services,Migration Wave Plan,Paused
SE | Search ES | LATAM Espana VMware Proxmox,Spanish,Services,MSP Partner Reports,Paused
SE | Search EN ES | MSP Consultants Partners,English,Services,VMware to Proxmox Readiness,Paused
SE | Search EN ES | MSP Consultants Partners,English,Services,RVTools Assessment,Paused
SE | Search EN ES | MSP Consultants Partners,English,Services,Migration Risk Report,Paused
SE | Search EN ES | MSP Consultants Partners,English,Services,Proxmox Sizing,Paused
SE | Search EN ES | MSP Consultants Partners,English,Services,Migration Wave Plan,Paused
SE | Search EN ES | MSP Consultants Partners,English,Services,MSP Partner Reports,Paused
SE | Search EN ES | MSP Consultants Partners,Spanish,Services,VMware to Proxmox Readiness,Paused
SE | Search EN ES | MSP Consultants Partners,Spanish,Services,RVTools Assessment,Paused
SE | Search EN ES | MSP Consultants Partners,Spanish,Services,Migration Risk Report,Paused
SE | Search EN ES | MSP Consultants Partners,Spanish,Services,Proxmox Sizing,Paused
SE | Search EN ES | MSP Consultants Partners,Spanish,Services,Migration Wave Plan,Paused
SE | Search EN ES | MSP Consultants Partners,Spanish,Services,MSP Partner Reports,Paused
