Campaign,Ad Group,Keyword,Match Type,Final URL,Status
SE | Search EN | VMware to Proxmox High Intent,VMware to Proxmox Core,vmware to proxmox migration,Phrase,https://shiftevidence.com,Paused
SE | Search EN | VMware to Proxmox High Intent,VMware to Proxmox Core,migrate vmware to proxmox,Phrase,https://shiftevidence.com,Paused
SE | Search EN | VMware to Proxmox High Intent,VMware to Proxmox Core,esxi to proxmox migration,Phrase,https://shiftevidence.com,Paused
SE | Search EN | VMware to Proxmox High Intent,VMware to Proxmox Core,proxmox vmware migration,Phrase,https://shiftevidence.com,Paused
SE | Search EN | VMware to Proxmox High Intent,VMware to Proxmox Core,proxmox import vmware,Phrase,https://shiftevidence.com,Paused
SE | Search EN | VMware to Proxmox High Intent,VMware to Proxmox Core,proxmox import wizard vmware,Phrase,https://shiftevidence.com,Paused
SE | Search EN | VMware to Proxmox High Intent,VMware to Proxmox Core,vmware esxi to proxmox,Phrase,https://shiftevidence.com,Paused
SE | Search EN | VMware to Proxmox High Intent,VMware to Proxmox Core,migrate esxi vm to proxmox,Phrase,https://shiftevidence.com,Paused
SE | Search EN | VMware to Proxmox High Intent,Assessment Intent,vmware to proxmox assessment,Phrase,https://shiftevidence.com,Paused
SE | Search EN | VMware to Proxmox High Intent,Assessment Intent,proxmox migration assessment,Phrase,https://shiftevidence.com,Paused
SE | Search EN | Broadcom VMware Exit,Broadcom Exit,vmware broadcom price increase,Phrase,https://shiftevidence.com,Paused
SE | Search EN | Broadcom VMware Exit,Broadcom Exit,vmware alternative after broadcom,Phrase,https://shiftevidence.com,Paused
SE | Search EN | Broadcom VMware Exit,Broadcom Exit,vmware licensing cost alternative,Phrase,https://shiftevidence.com,Paused
SE | Search EN | Broadcom VMware Exit,Broadcom Exit,broadcom vmware migration,Phrase,https://shiftevidence.com,Paused
SE | Search EN | Broadcom VMware Exit,Broadcom Exit,vmware cost increase proxmox,Phrase,https://shiftevidence.com,Paused
SE | Search EN | Broadcom VMware Exit,Broadcom Exit,vmware exit strategy,Phrase,https://shiftevidence.com,Paused
SE | Search EN | Broadcom VMware Exit,Broadcom Exit,vmware renewal alternative,Phrase,https://shiftevidence.com,Paused
SE | Search EN | Broadcom VMware Exit,Broadcom Exit,leaving vmware,Phrase,https://shiftevidence.com,Paused
SE | Search EN | Broadcom VMware Exit,Broadcom Exit,vmware replacement proxmox,Phrase,https://shiftevidence.com,Paused
SE | Search EN | Broadcom VMware Exit,Broadcom Exit,vmware migration planning,Phrase,https://shiftevidence.com,Paused
SE | Search ES | LATAM Espana VMware Proxmox,Migracion VMware Proxmox,migrar vmware a proxmox,Phrase,https://shiftevidence.com,Paused
SE | Search ES | LATAM Espana VMware Proxmox,Migracion VMware Proxmox,migracion vmware proxmox,Phrase,https://shiftevidence.com,Paused
SE | Search ES | LATAM Espana VMware Proxmox,Salida De VMware,alternativa a vmware broadcom,Phrase,https://shiftevidence.com,Paused
SE | Search ES | LATAM Espana VMware Proxmox,Salida De VMware,proxmox vs vmware,Phrase,https://shiftevidence.com,Paused
SE | Search ES | LATAM Espana VMware Proxmox,Salida De VMware,salir de vmware,Phrase,https://shiftevidence.com,Paused
SE | Search ES | LATAM Espana VMware Proxmox,Migracion VMware Proxmox,migrar esxi a proxmox,Phrase,https://shiftevidence.com,Paused
SE | Search ES | LATAM Espana VMware Proxmox,Consultoria Proxmox,consultoria proxmox,Phrase,https://shiftevidence.com,Paused
SE | Search ES | LATAM Espana VMware Proxmox,Consultoria Proxmox,auditoria proxmox,Phrase,https://shiftevidence.com,Paused
SE | Search ES | LATAM Espana VMware Proxmox,Assessment Proxmox,assessment proxmox,Phrase,https://shiftevidence.com,Paused
SE | Search ES | LATAM Espana VMware Proxmox,Migracion VMware Proxmox,migracion esxi proxmox,Phrase,https://shiftevidence.com,Paused
SE | Search ES | LATAM Espana VMware Proxmox,Consultoria Proxmox,consultor proxmox,Phrase,https://shiftevidence.com,Paused
SE | Search ES | LATAM Espana VMware Proxmox,Consultoria Proxmox,servicios migracion proxmox,Phrase,https://shiftevidence.com,Paused
SE | Search EN ES | MSP Consultants Partners,MSP Services,proxmox migration services,Phrase,https://shiftevidence.com,Paused
SE | Search EN ES | MSP Consultants Partners,MSP Services,vmware migration services,Phrase,https://shiftevidence.com,Paused
SE | Search EN ES | MSP Consultants Partners,MSP Services,proxmox consultant,Phrase,https://shiftevidence.com,Paused
SE | Search EN ES | MSP Consultants Partners,MSP Services,vmware to proxmox consultant,Phrase,https://shiftevidence.com,Paused
SE | Search EN ES | MSP Consultants Partners,MSP Services,proxmox msp,Phrase,https://shiftevidence.com,Paused
SE | Search EN ES | MSP Consultants Partners,MSP Services,proxmox assessment,Phrase,https://shiftevidence.com,Paused
SE | Search EN ES | MSP Consultants Partners,MSP Services,consultoria proxmox,Phrase,https://shiftevidence.com,Paused
SE | Search EN ES | MSP Consultants Partners,MSP Services,consultor proxmox,Phrase,https://shiftevidence.com,Paused
SE | Search EN ES | MSP Consultants Partners,MSP Services,servicios proxmox,Phrase,https://shiftevidence.com,Paused
SE | Search EN ES | MSP Consultants Partners,MSP Services,migracion vmware consultoria,Phrase,https://shiftevidence.com,Paused
