Campaign,Negative Keyword,Match Type,Status
SE | Search EN | VMware to Proxmox High Intent,free,Phrase,Paused
SE | Search EN | Broadcom VMware Exit,free,Phrase,Paused
SE | Search ES | LATAM Espana VMware Proxmox,free,Phrase,Paused
SE | Search EN ES | MSP Consultants Partners,free,Phrase,Paused
SE | Search EN | VMware to Proxmox High Intent,gratis,Phrase,Paused
SE | Search EN | Broadcom VMware Exit,gratis,Phrase,Paused
SE | Search ES | LATAM Espana VMware Proxmox,gratis,Phrase,Paused
SE | Search EN ES | MSP Consultants Partners,gratis,Phrase,Paused
SE | Search EN | VMware to Proxmox High Intent,torrent,Phrase,Paused
SE | Search EN | Broadcom VMware Exit,torrent,Phrase,Paused
SE | Search ES | LATAM Espana VMware Proxmox,torrent,Phrase,Paused
SE | Search EN ES | MSP Consultants Partners,torrent,Phrase,Paused
SE | Search EN | VMware to Proxmox High Intent,cracked,Phrase,Paused
SE | Search EN | Broadcom VMware Exit,cracked,Phrase,Paused
SE | Search ES | LATAM Espana VMware Proxmox,cracked,Phrase,Paused
SE | Search EN ES | MSP Consultants Partners,cracked,Phrase,Paused
SE | Search EN | VMware to Proxmox High Intent,crack,Phrase,Paused
SE | Search EN | Broadcom VMware Exit,crack,Phrase,Paused
SE | Search ES | LATAM Espana VMware Proxmox,crack,Phrase,Paused
SE | Search EN ES | MSP Consultants Partners,crack,Phrase,Paused
SE | Search EN | VMware to Proxmox High Intent,job,Phrase,Paused
SE | Search EN | Broadcom VMware Exit,job,Phrase,Paused
SE | Search ES | LATAM Espana VMware Proxmox,job,Phrase,Paused
SE | Search EN ES | MSP Consultants Partners,job,Phrase,Paused
SE | Search EN | VMware to Proxmox High Intent,jobs,Phrase,Paused
SE | Search EN | Broadcom VMware Exit,jobs,Phrase,Paused
SE | Search ES | LATAM Espana VMware Proxmox,jobs,Phrase,Paused
SE | Search EN ES | MSP Consultants Partners,jobs,Phrase,Paused
SE | Search EN | VMware to Proxmox High Intent,salary,Phrase,Paused
SE | Search EN | Broadcom VMware Exit,salary,Phrase,Paused
SE | Search ES | LATAM Espana VMware Proxmox,salary,Phrase,Paused
SE | Search EN ES | MSP Consultants Partners,salary,Phrase,Paused
SE | Search EN | VMware to Proxmox High Intent,empleo,Phrase,Paused
SE | Search EN | Broadcom VMware Exit,empleo,Phrase,Paused
SE | Search ES | LATAM Espana VMware Proxmox,empleo,Phrase,Paused
SE | Search EN ES | MSP Consultants Partners,empleo,Phrase,Paused
SE | Search EN | VMware to Proxmox High Intent,trabajo,Phrase,Paused
SE | Search EN | Broadcom VMware Exit,trabajo,Phrase,Paused
SE | Search ES | LATAM Espana VMware Proxmox,trabajo,Phrase,Paused
SE | Search EN ES | MSP Consultants Partners,trabajo,Phrase,Paused
SE | Search EN | VMware to Proxmox High Intent,course,Phrase,Paused
SE | Search EN | Broadcom VMware Exit,course,Phrase,Paused
SE | Search ES | LATAM Espana VMware Proxmox,course,Phrase,Paused
SE | Search EN ES | MSP Consultants Partners,course,Phrase,Paused
SE | Search EN | VMware to Proxmox High Intent,curso,Phrase,Paused
SE | Search EN | Broadcom VMware Exit,curso,Phrase,Paused
SE | Search ES | LATAM Espana VMware Proxmox,curso,Phrase,Paused
SE | Search EN ES | MSP Consultants Partners,curso,Phrase,Paused
SE | Search EN | VMware to Proxmox High Intent,training,Phrase,Paused
SE | Search EN | Broadcom VMware Exit,training,Phrase,Paused
SE | Search ES | LATAM Espana VMware Proxmox,training,Phrase,Paused
SE | Search EN ES | MSP Consultants Partners,training,Phrase,Paused
SE | Search EN | VMware to Proxmox High Intent,tutorial,Phrase,Paused
SE | Search EN | Broadcom VMware Exit,tutorial,Phrase,Paused
SE | Search ES | LATAM Espana VMware Proxmox,tutorial,Phrase,Paused
SE | Search EN ES | MSP Consultants Partners,tutorial,Phrase,Paused
SE | Search EN | VMware to Proxmox High Intent,youtube,Phrase,Paused
SE | Search EN | Broadcom VMware Exit,youtube,Phrase,Paused
SE | Search ES | LATAM Espana VMware Proxmox,youtube,Phrase,Paused
SE | Search EN ES | MSP Consultants Partners,youtube,Phrase,Paused
SE | Search EN | VMware to Proxmox High Intent,reddit,Phrase,Paused
SE | Search EN | Broadcom VMware Exit,reddit,Phrase,Paused
SE | Search ES | LATAM Espana VMware Proxmox,reddit,Phrase,Paused
SE | Search EN ES | MSP Consultants Partners,reddit,Phrase,Paused
SE | Search EN | VMware to Proxmox High Intent,pdf,Phrase,Paused
SE | Search EN | Broadcom VMware Exit,pdf,Phrase,Paused
SE | Search ES | LATAM Espana VMware Proxmox,pdf,Phrase,Paused
SE | Search EN ES | MSP Consultants Partners,pdf,Phrase,Paused
SE | Search EN | VMware to Proxmox High Intent,homelab,Phrase,Paused
SE | Search EN | Broadcom VMware Exit,homelab,Phrase,Paused
SE | Search ES | LATAM Espana VMware Proxmox,homelab,Phrase,Paused
SE | Search EN ES | MSP Consultants Partners,homelab,Phrase,Paused
SE | Search EN | VMware to Proxmox High Intent,home lab,Phrase,Paused
SE | Search EN | Broadcom VMware Exit,home lab,Phrase,Paused
SE | Search ES | LATAM Espana VMware Proxmox,home lab,Phrase,Paused
SE | Search EN ES | MSP Consultants Partners,home lab,Phrase,Paused
SE | Search EN | VMware to Proxmox High Intent,laboratorio,Phrase,Paused
SE | Search EN | Broadcom VMware Exit,laboratorio,Phrase,Paused
SE | Search ES | LATAM Espana VMware Proxmox,laboratorio,Phrase,Paused
SE | Search EN ES | MSP Consultants Partners,laboratorio,Phrase,Paused
SE | Search EN | VMware to Proxmox High Intent,raspberry,Phrase,Paused
SE | Search EN | Broadcom VMware Exit,raspberry,Phrase,Paused
SE | Search ES | LATAM Espana VMware Proxmox,raspberry,Phrase,Paused
SE | Search EN ES | MSP Consultants Partners,raspberry,Phrase,Paused
SE | Search EN | VMware to Proxmox High Intent,proxmox download,Phrase,Paused
SE | Search EN | Broadcom VMware Exit,proxmox download,Phrase,Paused
SE | Search ES | LATAM Espana VMware Proxmox,proxmox download,Phrase,Paused
SE | Search EN ES | MSP Consultants Partners,proxmox download,Phrase,Paused
SE | Search EN | VMware to Proxmox High Intent,descargar proxmox,Phrase,Paused
SE | Search EN | Broadcom VMware Exit,descargar proxmox,Phrase,Paused
SE | Search ES | LATAM Espana VMware Proxmox,descargar proxmox,Phrase,Paused
SE | Search EN ES | MSP Consultants Partners,descargar proxmox,Phrase,Paused
SE | Search EN | VMware to Proxmox High Intent,iso,Phrase,Paused
SE | Search EN | Broadcom VMware Exit,iso,Phrase,Paused
SE | Search ES | LATAM Espana VMware Proxmox,iso,Phrase,Paused
SE | Search EN ES | MSP Consultants Partners,iso,Phrase,Paused
SE | Search EN | VMware to Proxmox High Intent,license key,Phrase,Paused
SE | Search EN | Broadcom VMware Exit,license key,Phrase,Paused
SE | Search ES | LATAM Espana VMware Proxmox,license key,Phrase,Paused
SE | Search EN ES | MSP Consultants Partners,license key,Phrase,Paused
SE | Search EN | VMware to Proxmox High Intent,certification,Phrase,Paused
SE | Search EN | Broadcom VMware Exit,certification,Phrase,Paused
SE | Search ES | LATAM Espana VMware Proxmox,certification,Phrase,Paused
SE | Search EN ES | MSP Consultants Partners,certification,Phrase,Paused
SE | Search EN | VMware to Proxmox High Intent,certificacion,Phrase,Paused
SE | Search EN | Broadcom VMware Exit,certificacion,Phrase,Paused
SE | Search ES | LATAM Espana VMware Proxmox,certificacion,Phrase,Paused
SE | Search EN ES | MSP Consultants Partners,certificacion,Phrase,Paused
SE | Search EN | VMware to Proxmox High Intent,install proxmox,Phrase,Paused
SE | Search EN | Broadcom VMware Exit,install proxmox,Phrase,Paused
SE | Search ES | LATAM Espana VMware Proxmox,install proxmox,Phrase,Paused
SE | Search EN ES | MSP Consultants Partners,install proxmox,Phrase,Paused
SE | Search EN | VMware to Proxmox High Intent,instalar proxmox,Phrase,Paused
SE | Search EN | Broadcom VMware Exit,instalar proxmox,Phrase,Paused
SE | Search ES | LATAM Espana VMware Proxmox,instalar proxmox,Phrase,Paused
SE | Search EN ES | MSP Consultants Partners,instalar proxmox,Phrase,Paused
SE | Search EN | VMware to Proxmox High Intent,proxmox on laptop,Phrase,Paused
SE | Search EN | Broadcom VMware Exit,proxmox on laptop,Phrase,Paused
SE | Search ES | LATAM Espana VMware Proxmox,proxmox on laptop,Phrase,Paused
SE | Search EN ES | MSP Consultants Partners,proxmox on laptop,Phrase,Paused
SE | Search EN | VMware to Proxmox High Intent,proxmox gaming,Phrase,Paused
SE | Search EN | Broadcom VMware Exit,proxmox gaming,Phrase,Paused
SE | Search ES | LATAM Espana VMware Proxmox,proxmox gaming,Phrase,Paused
SE | Search EN ES | MSP Consultants Partners,proxmox gaming,Phrase,Paused
SE | Search EN | VMware to Proxmox High Intent,gaming,Phrase,Paused
SE | Search EN | Broadcom VMware Exit,gaming,Phrase,Paused
SE | Search ES | LATAM Espana VMware Proxmox,gaming,Phrase,Paused
SE | Search EN ES | MSP Consultants Partners,gaming,Phrase,Paused
SE | Search EN | VMware to Proxmox High Intent,minecraft,Phrase,Paused
SE | Search EN | Broadcom VMware Exit,minecraft,Phrase,Paused
SE | Search ES | LATAM Espana VMware Proxmox,minecraft,Phrase,Paused
SE | Search EN ES | MSP Consultants Partners,minecraft,Phrase,Paused
SE | Search EN | VMware to Proxmox High Intent,windows iso,Phrase,Paused
SE | Search EN | Broadcom VMware Exit,windows iso,Phrase,Paused
SE | Search ES | LATAM Espana VMware Proxmox,windows iso,Phrase,Paused
SE | Search EN ES | MSP Consultants Partners,windows iso,Phrase,Paused
SE | Search EN | VMware to Proxmox High Intent,virtualbox,Phrase,Paused
SE | Search EN | Broadcom VMware Exit,virtualbox,Phrase,Paused
SE | Search ES | LATAM Espana VMware Proxmox,virtualbox,Phrase,Paused
SE | Search EN ES | MSP Consultants Partners,virtualbox,Phrase,Paused
SE | Search EN | VMware to Proxmox High Intent,desktop,Phrase,Paused
SE | Search EN | Broadcom VMware Exit,desktop,Phrase,Paused
SE | Search ES | LATAM Espana VMware Proxmox,desktop,Phrase,Paused
SE | Search EN ES | MSP Consultants Partners,desktop,Phrase,Paused
SE | Search EN | VMware to Proxmox High Intent,home server,Phrase,Paused
SE | Search EN | Broadcom VMware Exit,home server,Phrase,Paused
SE | Search ES | LATAM Espana VMware Proxmox,home server,Phrase,Paused
SE | Search EN ES | MSP Consultants Partners,home server,Phrase,Paused
